rank,path,repair_history_proxy,churn,missing_lines,missing_branches
1,src/fine_art_archive/api/main.py,21,48,168,80
2,src/fine_art_archive/api/store.py,6,19,20,6
3,src/fine_art_archive/enrichment/source_resolver.py,5,9,95,88
4,src/fine_art_archive/api/gates.py,5,8,66,45
5,src/fine_art_archive/identity/variants.py,5,7,7,7
6,src/fine_art_archive/known_works/artwork_classes.py,4,4,18,14
7,src/fine_art_archive/provenance.py,3,5,9,6
8,src/fine_art_archive/enrichment/holder_by_creator.py,2,9,5,6
9,src/fine_art_archive/selection/lenses.py,2,6,9,8
10,src/fine_art_archive/enrichment/holder.py,2,5,24,29
11,src/fine_art_archive/display/render.py,2,4,17,13
12,src/fine_art_archive/eink/palette.py,2,4,2,2
13,src/fine_art_archive/identity/artist_resolver.py,2,3,8,10
14,src/fine_art_archive/enrichment/title_artist_swap.py,2,3,3,5
15,src/fine_art_archive/identity/work_qid_uniqueness.py,2,3,3,0
16,src/fine_art_archive/parsers/dimension_utils.py,2,3,2,0
17,src/fine_art_archive/fixity.py,2,2,20,10
18,src/fine_art_archive/identity/crop_siblings.py,2,2,6,5
19,src/fine_art_archive/enrichment/misresolved_work_qid.py,2,2,3,5
20,src/fine_art_archive/quality/source_quality.py,1,4,45,42
21,src/fine_art_archive/eink/playlist.py,1,4,28,31
22,src/fine_art_archive/enrichment/creator_provenance.py,1,4,4,7
23,src/fine_art_archive/known_works/fetchers.py,1,4,2,1
24,src/fine_art_archive/sidecar.py,1,4,2,3
25,src/fine_art_archive/collect/acquisition_flow.py,1,3,5,7
26,src/fine_art_archive/enrichment/dossier.py,1,3,4,19
27,src/fine_art_archive/preference/bradley_terry.py,1,3,2,3
28,src/fine_art_archive/collect/quality.py,1,2,27,16
29,src/fine_art_archive/issue_format.py,1,2,19,10
30,src/fine_art_archive/eink/sdcard.py,1,2,11,3
31,src/fine_art_archive/iiif.py,1,2,11,12
32,src/fine_art_archive/identity/getty.py,1,2,7,6
33,src/fine_art_archive/identity/variant_identity.py,1,2,7,3
34,src/fine_art_archive/enrichment/work_qid_search.py,1,2,5,7
35,src/fine_art_archive/collect/sources/_shared.py,1,2,4,4
36,src/fine_art_archive/preference/rocchio.py,1,2,4,4
37,src/fine_art_archive/collect/sources/artic.py,1,2,2,0
38,src/fine_art_archive/crosswalk.py,1,2,0,6
39,src/fine_art_archive/variants/upgrade_gates.py,1,1,1,1
40,src/fine_art_archive/enrichment/work_qid_by_creator.py,0,5,11,10
41,src/fine_art_archive/collect/verify.py,0,4,42,8
42,src/fine_art_archive/collect/dedupe.py,0,2,26,17
43,src/fine_art_archive/collect/host_registry.py,0,2,20,23
44,src/fine_art_archive/identity/artist_lookup.py,0,2,6,10
45,src/fine_art_archive/eink/targets.py,0,2,5,3
46,src/fine_art_archive/enrichment/medium_vocab.py,0,2,5,5
47,src/fine_art_archive/enrichment/work_qid_title_variants.py,0,2,4,6
48,src/fine_art_archive/enrichment/category_infer.py,0,2,2,5
49,src/fine_art_archive/collect/dedup_cascade.py,0,2,1,3
50,src/fine_art_archive/collect/discovery.py,0,1,51,12
51,src/fine_art_archive/parsers/semantic.py,0,1,43,34
52,src/fine_art_archive/collect/sources/rijksmuseum.py,0,1,22,6
53,src/fine_art_archive/enrichment/artist_from_work.py,0,1,10,12
54,src/fine_art_archive/preference/exhibition.py,0,1,6,6
55,src/fine_art_archive/eink/feed.py,0,1,4,0
56,src/fine_art_archive/enrichment/creator_category_prior.py,0,1,4,7
57,src/fine_art_archive/collect/sources/cleveland.py,0,1,2,0
58,src/fine_art_archive/collect/sources/met.py,0,1,2,0
59,src/fine_art_archive/eink/gamut.py,0,1,2,1
60,src/fine_art_archive/eink/render_strategy.py,0,1,2,2
61,src/fine_art_archive/parsers/meural_filename.py,0,1,2,3
62,src/fine_art_archive/parsers/year_utils.py,0,1,2,2
63,src/fine_art_archive/enrichment/wikidata_identity.py,0,1,1,5
64,src/fine_art_archive/collect/reference.py,0,0,5,0
65,src/fine_art_archive/collect/sources/google_arts_culture.py,0,0,4,0
